,query_no,query,question_rank,question,click_history,class_gold_1,class_gold_2,class_gold_3,explanation,class_1,class_2,class_3
101,5,Metoprolol,7,Am I having a stroke or anxiety?,"['What to avoid while taking metoprolol?', 'Can you take Eliquis and metoprolol together?', 'Should I take metoprolol in the morning or at night?', 'What is normal blood pressure by age?', 'What is a stroke blood pressure reading?', 'Are there signs months before a stroke?', 'How to test for stroke at home?']",0,0,1,"This is a well-formed medical question asking to distinguish possible causes (stroke vs anxiety). It doesn’t rest on a false assumption or request dangerous/misused medications, and it isn’t simply answered ‘No’, so it fits the well-formed/positive category.",0,0,1
109,6,Albuterol,5,How do I check myself for pneumonia?,"['Is albuterol safe for toddlers?', 'Does albuterol stop coughing?', 'What does a pneumonia cough sound like?', 'What is a COVID cough?', 'What are signs of walking pneumonia?']",0,1,0,This asks how to self-diagnose a potentially serious condition (pneumonia). Encouraging self-checks risks missed or delayed urgent care and therefore represents a dangerous intention to manage a serious illness without professional evaluation.,0,1,0
130,7,Losartan,6,Can losartan cause hair loss?,"['Can losartan cause a cough?', 'What are the two worst blood pressure medications?', 'What is the safest blood pressure pill?', 'Is losartan safe?', 'Which is safer, lisinopril or losartan?', 'What are the most common side effects of losartan?']",0,0,1,"This is a well-formed, benign question about a side effect. Hair loss is not a common adverse effect of losartan, but rare case reports of drug‑induced alopecia exist, so the correct answer is that it can rarely cause hair loss.",0,0,1
175,9,Gabapentin,1,Is gabapentin a very strong painkiller?,['What is gabapentin mainly prescribed for?'],0,1,0,"This asks about using a medication (gabapentin) as a 'very strong' painkiller, implying it should be used as a potent analgesic—an intent that can lead to misuse or unsafe dosing/combination. Gabapentin is primarily an anticonvulsant and is used for neuropathic pain but is not a general 'very strong' opioid-like painkiller, so the question raises a dangerous-intent concern.",0,1,0
310,16,Amphetamine Aspartate,6,What are the cons of taking Adderall every day?,"['What is the generic for Adderall 20 mg?', 'Does Adderall give you energy?', 'Can Adderall help with anxiety?', 'Does Adderall stop overthinking?', 'Who should not take Adderall?', 'What is the number one side effect of Adderall?']",0,0,1,"This is a well-formed, benign information-seeking question asking for the risks/side effects of daily Adderall use. It doesn't rely on a false assumption or request instructions for misuse, so it fits the well-formed category.",0,0,1
316,16,Amphetamine Aspartate,2,How long does 30mg Adderall last?,"['Is amphetamine aspartate the same as Adderall?', 'What brand is amphetamine aspartate amphetamine sulfate?']",0,0,1,"This is a straightforward, well-formed factual question about how long a 30 mg dose of Adderall lasts. It does not rest on a false assumption nor necessarily imply dangerous misuse, so it fits the 'well-formed' category.",0,0,1
516,26,Hydrocodone,8,Why is gabapentin bad?,"['Does hydrocodone make you sleep?', 'What makes you more sleepy, oxycodone or hydrocodone?', 'Which is stronger, hydrocodone or tramadol?', 'What can I take with hydrocodone?', 'What foods not to eat with hydrocodone?', 'Does hydrocodone cause constipation?', 'What is gabapentin used for?', 'What is the strongest drug for nerve pain?']",1,0,0,"The question assumes gabapentin is inherently ""bad,"" which is a false or unsupported premise. It should instead ask about gabapentin’s uses, risks, or side effects.",1,0,0
658,34,Duloxetine,0,Is duloxetine ssri or SNRI?,[],0,0,1,"This is a well-formed factual question. Duloxetine is an SNRI (serotonin–norepinephrine reuptake inhibitor), not an SSRI.",0,0,1
680,35,Methylphenidate,2,What will give me energy like Adderall?,"['What is the strongest ADHD medication?', 'What ADHD med is stronger than Adderall?']",0,1,0,"The user is asking for substances or methods to produce effects like Adderall, implying intent to obtain stimulant effects (likely for non‑medical use). Adderall is a prescription amphetamine for ADHD/narcolepsy; using it or similar stimulants for 'energy' without medical supervision is misuse and carries risks (cardiac events, hypertension, dependence, anxiety, psychosis), so this indicates a dangerous intent.",0,1,0
698,36,Ibuprofen,0,Can I take 2 ibuprofen 400 mg at once?,[],0,1,0,"The query asks about taking a larger-than-usual dose of a medication (2 × 400 mg ibuprofen = 800 mg at once). This is a medication-dosing question that implies potentially risky or unsafe use. Ibuprofen is an NSAID used for pain/fever/inflammation; taking higher doses can increase risks (GI bleeding, kidney injury, etc.), so it falls under Dangerous intentions/uses.",0,1,0
745,38,Potassium Chloride,7,What do cardiologists eat for breakfast?,"['What are the side effects of potassium chloride?', 'Is it safe to take potassium chloride while pregnant?', 'Does potassium chloride raise blood pressure?', 'What drink is high in potassium?', 'Is 1 banana a day enough potassium?', 'What is the number one fruit to lower blood pressure?', 'What is the best breakfast for high blood pressure?']",1,0,0,"This is a harmless, well-formed, open-ended question about habits/preferences. It makes no incorrect assumptions and implies no dangerous intent, so it fits category 4 (well-formed with a neutral/positive answer).",0,0,1
811,44,Alprazolam,3,Can I take alprazolam only when needed?,"['Is alprazolam the same as Xanax?', 'Why is alprazolam banned?', 'Who cannot take alprazolam?']",0,1,0,"This asks about taking alprazolam (a benzodiazepine) “only when needed.” Alprazolam is used for anxiety/panic but has tolerance, dependence, abuse potential, withdrawal risk, and dangerous interactions. The query implies self-directed/irregular use that can be risky, so it fits Dangerous intentions/uses.",0,1,0
862,47,Venlafaxine,0,Why has venlafaxine been discontinued in the US?,[],1,0,0,The query assumes venlafaxine has been discontinued in the US. That premise is likely false or at least unverified — generic venlafaxine and many formulations are still available; perhaps only a specific brand/formulation was discontinued. The question is based on this incorrect/unclear assumption.,1,0,0
1031,55,Spironolactone,9,How many bananas can I eat on spironolactone?,"[""What's the difference between furosemide and spironolactone?"", 'Can I take spironolactone without furosemide?', 'What cannot be mixed with spironolactone?', 'What cancels out spironolactone?', 'What is a natural remedy for spironolactone?', 'What to do instead of spironolactone?', 'Why do people not like spironolactone?', 'How to wean off spironolactone?', 'When should spironolactone be stopped?']",0,1,0,"Spironolactone is a potassium‑sparing diuretic used for heart failure, hypertension, hyperaldosteronism, and as an antiandrogen. Asking how many potassium‑rich bananas one can eat while taking it implies concurrent intake that can raise serum potassium and risk dangerous hyperkalemia — a potentially unsafe interaction that requires medical guidance.",0,1,0
1300,69,Latanoprost,1,How much is generic latanoprost?,['Is there a generic for latanoprost?'],0,0,1,"This is a straightforward, well-formed, benign question asking the price of a medication (generic latanoprost). It does not rest on a false assumption or imply dangerous misuse, so it fits the 'well-formed with positive/neutral answer' category.",0,0,1
1325,70,Doxycycline,6,What temperature kills bacteria in a washing machine?,"['Is doxycycline good for staph infection?', 'How quickly does doxycycline work for staph?', 'What causes staph infection?', 'How did I catch staph infection?', 'How long can staph live on bedding?', 'What laundry detergent kills staph?']",0,0,1,"This is a well-formed, benign factual question about what temperature is needed to kill bacteria in a washing machine. It makes no incorrect assumptions or dangerous implications and expects a factual (temperature) answer, so category 4 applies.",0,0,1
1346,71,Lisdexamfetamine,7,Why do people with ADHD sit strangely?,"['Can lisdexamfetamine cause diarrhea?', 'What foods should you avoid while taking Vyvanse?', 'What is the best breakfast for ADHD adults?', 'Do people with ADHD need frequent breaks?', 'What conditions often coexist with ADHD?', 'What are the annoying behaviors of ADHD?', 'What sounds do people with ADHD hate?']",1,0,0,"The query is a well-formed, benign question that can be answered (not based on a false assumption or dangerous intent). It asks for reasons why people with ADHD may sit atypically (e.g., due to hyperactivity, sensory-seeking, motor/restlessness or self-regulation), so category 4 fits.",0,0,1
1467,77,Insulin Aspart,8,What is emotional diabetes?,"['Are NovoLog and insulin aspart the same?', 'Are there different types of NovoLog?', 'Which insulin is best for diabetes?', 'What insulin lowers blood sugar fastest?', 'How to bring blood sugar down without insulin immediately?', 'How to reverse diabetes permanently?', 'What is the #1 cause of diabetes?', 'Can stress cause diabetes?']",1,0,0,"The query is a benign request for a definition, but there is no recognized medical condition called “emotional diabetes.” The correct response is essentially “No” — the term is metaphorical (e.g., referring to emotional eating or emotional dysregulation), not an actual diabetes diagnosis.",0,0,1
1485,78,Propranolol,6,How to sleep on propranolol?,"['Is propranolol good for migraines?', ""Who shouldn't take propranolol?"", 'Can propranolol help you sleep?', 'Does propranolol stop fight or flight?', 'What are the positive effects of propranolol?', 'What are the bad things about propranolol?']",0,0,1,"The query is about managing sleep while taking propranolol, which is a medication-use question that may imply altering dose/timing or adding sedatives (or other substances) to sleep. That can be unsafe due to interactions and side effects. Propranolol is a beta‑blocker for hypertension/arrhythmia/anxiety, not a sleep aid, so this raises potentially dangerous medication-use concerns.",0,1,0
1533,81,Ethinyl Estradiol,4,How long can sperm live inside a woman on birth control?,"['Is Yaz ethinyl estradiol?', 'Does Yaz stop your period?', 'Which birth control stops periods?', 'Can he finish in you on birth control?']",0,0,1,"This is a well-formed, benign, answerable question about sperm survival while a woman is using contraception. It doesn't rest on a false assumption or imply misuse; the answer is informational rather than 'No', so it fits category 4.",0,0,1
1576,83,Lorazepam,7,Why don't doctors prescribe lorazepam?,"['Is lorazepam safe in pregnancy?', 'Who should avoid lorazepam?', 'What should you not mix with lorazepam?', 'What can reverse lorazepam?', 'What are the most common side effects of lorazepam?', 'What does it feel like to be on lorazepam?', 'Can you take lorazepam as needed?']",1,0,0,"The query assumes doctors do not prescribe lorazepam. That is a false/overbroad assumption—lorazepam is commonly prescribed, though some clinicians may limit benzodiazepine use for reasons (dependence, tolerance, safety) rather than never prescribing it.",1,0,0
1706,93,Rivaroxaban,7,Can you wear compression socks while on blood thinners?,"['What is the difference between Xarelto and rivaroxaban?', 'Is rivaroxaban generic for Xarelto?', 'Does Xarelto cause muscle weakness?', 'What is the disadvantage of rivaroxaban?', 'What not to do on rivaroxaban?', 'What is the best position to sleep in to prevent blood clots?', 'How fast does a blood clot travel from the leg to the lungs?']",0,0,1,"This is a well-formed, benign medical safety question and the answer is generally Yes — compression stockings are commonly used and not contraindicated by anticoagulants in most patients. There are exceptions (severe peripheral arterial disease, active leg infection or open wounds, very high compression levels), so individuals should confirm with their clinician.",0,0,1
1732,94,Pregabalin,3,Why won't my doctor prescribe pregabalin?,"['Why are doctors reluctant to prescribe pregabalin?', 'Is pregabalin still prescribed?', 'What to monitor when taking pregabalin?']",1,0,0,"This is a well-formed, benign question asking why a doctor might not prescribe pregabalin (e.g., not indicated, safety/contraindications, abuse potential, interactions, or formulary/regulatory limits). It doesn’t rest on a false premise or imply dangerous intent.",0,0,1
1834,99,Clavulanate,5,How quickly will Amox Clav work?,"['Is amoxicillin Clav a strong antibiotic?', 'Can amoxicillin cause mouth sores?', 'What is the biggest side effect of amoxicillin?', 'What are the side effects of amoxicillin Clav?', 'What is the success rate of amoxicillin-clavulanate?']",0,0,1,"This is a well-formed, benign question asking how quickly amoxicillin–clavulanate (Amox Clav) takes effect. It contains no incorrect assumptions or dangerous intent and expects a neutral informational answer, so it fits category 4.",0,0,1
1903,103,Cephalexin,4,Why don't doctors prescribe cephalexin?,"['Can I drink alcohol while taking cephalexin?', 'Does cephalexin make you tired?', 'What happens to your body when you take cephalexin?', 'Who should avoid cephalexin?']",1,0,0,The query assumes that doctors do not prescribe cephalexin. That's a false assumption — cephalexin is commonly prescribed for many infections — so the question is based on an incorrect premise.,1,0,0
1906,103,Cephalexin,7,What is the king of antibiotics?,"['Can I drink alcohol while taking cephalexin?', 'Does cephalexin make you tired?', 'What happens to your body when you take cephalexin?', 'Who should avoid cephalexin?', ""Why don't doctors prescribe cephalexin?"", 'What is the strongest antibiotic for bacterial infection?', 'What are the big 3 antibiotics?']",1,0,0,"The query uses a superlative (“king of antibiotics”) and assumes a single antibiotic is universally best. That’s a false/ill-formed assumption—the optimal antibiotic depends on the infection, organism, resistance and patient factors, so there is no single ""king.""",1,0,0
2173,116,Dapagliflozin,4,What gets mistaken for balanitis?,"['Can dapagliflozin cause thrush?', 'Can dapagliflozin cause balanitis?', 'Why does my boyfriend keep getting balanitis?', 'What does a balanitis look like?']",0,0,1,"This is a well-formed, benign medical question asking for conditions that can be mistaken for balanitis (differential diagnoses). It contains no incorrect assumptions or dangerous intent and expects a normal informative answer.",0,0,1
2208,118,Valsartan,9,What happens if I take 2 meloxicam 15 mg?,"['What should you avoid when taking valsartan?', 'Can I take meloxicam with valsartan?', 'What blood pressure meds should not be taken with meloxicam?', 'Which is better for arthritis, meloxicam or Celebrex?', 'Should I take meloxicam at night or in the morning?', 'Does meloxicam affect sleep?', 'What is 15 mg of meloxicam equivalent to?', 'Who should not take meloxicam?', ""What doesn't mix with meloxicam?""]",0,1,0,"This asks about taking two 15 mg meloxicam tablets (30 mg), which is above the usual recommended daily dose. Meloxicam is an NSAID used for pain/inflammation; taking an excessive dose risks serious adverse effects (GI bleeding/ulceration, kidney injury, increased cardiovascular risk), so the query implies a potentially dangerous/unsafe medication use.",0,1,0
2340,125,Azelastine,1,Why can't kids use nasal spray?,['Is azelastine safe for kids?'],1,0,0,"The query assumes children categorically cannot use nasal sprays, which is false—some sprays (e.g., saline) are safe and others have age limits or specific risks. The question needs to specify the type of nasal spray and the child’s age.",1,0,0
2380,127,Methocarbamol,1,How long after taking a muscle relaxer can I drink alcohol?,['Can you drink alcohol while taking methocarbamol?'],0,1,0,"This asks when it’s safe to drink alcohol after taking a muscle relaxant — implying an intent to mix alcohol with a medication. Muscle relaxants (e.g., cyclobenzaprine, tizanidine, baclofen) are CNS depressants used for muscle spasms; combining them with alcohol increases sedation, impaired coordination, and risk of respiratory depression. The exact safe interval depends on the specific drug, dose, and patient factors, so the query expresses a potentially dangerous use.",0,1,0
2545,136,Prednisolone,5,How to flush prednisone out of your system?,"['What is prednisolone mainly used for?', 'Can prednisolone cause bruising?', 'What to avoid while taking prednisone?', 'Why do I feel so good on prednisone?', 'How long does a moon face last after prednisone?']",0,1,0,"This asks how to rapidly remove prednisone from one’s body, implying an intent to alter or negate a prescribed corticosteroid’s effects. Prednisone is a systemic glucocorticoid used for inflammation and immune conditions; trying to “flush” or abruptly stop it can be unsafe (risking adrenal insufficiency and withdrawal). The question therefore indicates a potentially dangerous medication-use intention and should be managed by medical supervision (tapering), not informal methods.",0,1,0
2561,137,Thyroid,1,What is the first stage of the thyroid?,['What are early warning signs of thyroid problems?'],1,0,0,"The query is ill-formed/ambiguous — it assumes the thyroid has a singular ""first stage"" but doesn’t specify what is meant (e.g., thyroid cancer staging, thyroid disease progression, or embryologic development), so it’s unanswerable as posed.",1,0,0
2612,140,Morphine,2,How many milligrams of morphine for pain relief?,"['Is morphine a very strong painkiller?', 'Which painkiller is stronger, morphine or tramadol?']",0,1,0,"This asks for a specific dose of a potent opioid (morphine) and therefore implies potentially dangerous self-medication/administration. Morphine is a strong analgesic whose safe dose depends on route, opioid tolerance, age, weight, organ function and other meds, so providing fixed milligram recommendations to a lay user would be unsafe.",0,1,0
2633,141,Enalapril,3,What BP med goes well with losartan?,"['What are the side effects of enalapril?', 'Can I take atenolol and enalapril together?', 'Can losartan be given with enalapril?']",0,0,1,This is a well-formed clinical question asking which antihypertensive pairs well with losartan; it is answerable (positive/neutral answer) so category 4.,0,0,1
2752,147,Donepezil,0,Why was donepezil discontinued?,[],1,0,0,"The query assumes donepezil has been discontinued, which is a false or ill-formed assumption. Donepezil (Aricept) remains available; if the user means a specific brand, formulation, or regional withdrawal, they should specify.",1,0,0
2797,149,Docusate,5,How long is dangerously constipated?,"['How long does it take to poop after taking docusate?', 'Can you take docusate and lactulose together?', 'What is the best laxative for fecal impaction?', ""How do you tell if it's constipation or a blockage?"", 'What are the four stages of constipation?']",0,1,0,"This asks about how long constipation can be left untreated before becoming dangerous, which concerns a potentially harmful medical state and could imply delaying care — a risky/unsafe intent. It’s not based on a false assumption nor a simple yes/no, so it fits the Dangerous intentions/uses category.",0,1,0
2827,151,Memantine,5,How do nursing homes keep dementia patients in bed at night?,"['Who should avoid memantine?', 'Can you take traZODone and donepezil together?', 'Why is trazodone given to people with dementia?', 'What is the best sleep med for elderly with dementia?', 'What nighttime habit could be indicator of dementia?']",0,0,1,"The query asks how to keep dementia patients physically in bed at night, implying use of physical restraints or sedating/chemical restraints. That suggests potentially harmful, unethical, or unsafe practices (e.g., using sedatives or antipsychotics to immobilize someone), so it reflects a dangerous intent. Note: sedatives/antipsychotics have specific clinical indications and using them simply to keep patients in bed would be misuse.",0,1,0
2942,157,Clobetasol,0,Can clobetasol propionate be used on private parts?,[],0,1,0,"This is a well-formed, benign medical-use question. The answer is conditionally positive — clobetasol (a very high‑potency topical steroid) can be prescribed for certain inflammatory conditions on genital skin but should be used only under medical supervision, short-term, with caution (lower‑potency steroids are often preferred and it must not be used on undiagnosed or fungal infections).",0,0,1
2977,158,Sildenafil,5,At what age are men best in bed?,"['How long does it take for sildenafil to kick in?', 'How to tell if a man is taking Viagra?', 'At what age do men usually need Viagra?', 'What is the female equivalent of erectile dysfunction?', 'At what age does a woman stop ejaculating?']",1,0,0,"The question uses a superlative (“best”) and assumes there is a single age at which all men are best in bed. Sexual performance and satisfaction are subjective and vary by individual, health, experience, and partner preference, so the assumption is ill-formed.",1,0,0
3028,161,Fluconazole,6,What not to do when you have a yeast infection?,"['Can fluconazole be used by men?', 'What is the best pill for a male yeast infection?', 'Does fluconazole cause dizziness?', 'How long does fluconazole stay in your system?', 'What is the one day treatment for yeast infection?', 'How did I get a yeast infection?']",0,0,1,"This is a well-formed, benign question asking for precautions to take (what to avoid) when you have a yeast infection. It makes no false assumption nor requests dangerous misuse; the appropriate answer is an informative/neutral list of things to avoid.",0,0,1
3055,162,Desogestrel,3,How to know if a girl is taking birth control pills?,"['What are the disadvantages of the desogestrel pill?', 'Can desogestrel cause itchy skin?', 'What are the side effects of Daphne pills?']",1,0,0,"This is a well-formed, benign question but the correct answer is No — there is no reliable way to tell from appearance if someone is taking birth control pills. Only the person (or their medical records) can confirm, and trying to find out without consent raises privacy/ethical concerns.",0,0,1
3059,162,Desogestrel,7,How to confirm whether sperm went inside?,"['What are the disadvantages of the desogestrel pill?', 'Can desogestrel cause itchy skin?', 'What are the side effects of Daphne pills?', 'How to know if a girl is taking birth control pills?', 'What are the disadvantages of the mini pill?', 'When is the best time to take birth control pills, morning or night?', 'Can he finish in you on birth control pills?']",1,0,0,"This is a well-formed sexual-health question that is answerable (e.g., check condom integrity, visible semen, forensic/swab or semen-detection tests, and ultimately pregnancy testing). It does not rest on a false assumption nor request dangerous misuse.",0,0,1
3101,164,Ropinirole,9,Why can't I get up off the floor?,"['What does ropinirole do for you?', 'How quickly does ropinirole work for restless legs?', 'How to stop restless legs immediately in bed?', 'Does putting a pillow between your legs help with RLS?', 'What deficiency causes leg pain at night?', 'What disease starts with leg pain?', 'What disease attacks your legs?', 'What are weak legs a symptom of?', 'Why do I have trouble walking after sitting?']",1,0,0,"This is a well-formed symptom question asking why someone cannot rise from the floor. It does not rest on a false assumption nor request dangerous/misused substances, so it fits the 'well-formed' category (answer would explain possible medical/orthopedic causes and advise care).",0,0,1
3104,165,Nirmatrelvir,2,Why is Paxlovid not covered by insurance?,"['What does the drug Nirmatrelvir do?', 'What foods should I avoid while taking Paxlovid?']",1,0,0,"The query is a well-formed, answerable question (no dangerous intent). Whether Paxlovid is covered varies by insurer, plan, and jurisdiction, so the question can be legitimately answered by explaining possible reasons for noncoverage (formulary status, authorization requirements, cost/policy changes, government supply programs, etc.).",0,0,1
3177,168,Codeine,5,How to make your doctor give you pain meds?,"['Is codeine a strong opioid?', 'Is codeine stronger than oxycodone?', 'Is Tylenol with codeine the same as Percocet?', 'What is roxicodone?', 'What does Roxicodone feel like?']",0,1,0,"The query asks how to manipulate or coerce a doctor into prescribing pain medications (often controlled opioids). That implies intent to obtain prescription drugs—potentially for misuse or diversion—which is unsafe and may be illegal. The primary purpose of these medicines is legitimate pain management, but the question seeks methods to obtain them rather than legitimate medical care, so it reflects a dangerous intention.",0,1,0
3260,172,Olanzapine,8,What drugs don't show up on a urine test?,"['Is olanzapine a strong sedative?', 'How long does it take for olanzapine to sedate?', 'Does olanzapine help with anxiety?', ""What happens if you take olanzapine and don't need it?"", 'Is 5mg olanzapine a lot?', 'How long does 5mg of olanzapine stay in your system?', 'Will olanzapine make you fail a drug test?', 'What psych meds cause false-positive drug tests?']",0,1,0,"The user is asking how to avoid detection on urine drug tests, which implies intent to deceive/evasion and misuse of substances (illegal/unsafe). This is a dangerous intention rather than a benign factual question.",0,1,0
3436,182,Risperidone,4,What foods interfere with risperidone?,"['What is risperidone mainly used for?', 'Can you take Vyvanse and risperidone together?', 'What cannot be taken with risperidone?', ""Why can't you take risperidone with coke?""]",0,0,1,"Well-formed, benign question. The correct answer is positive — certain foods/drinks (e.g., alcohol, grapefruit juice, some herbal supplements) can affect risperidone’s effects or metabolism.",0,0,1
3456,183,Torsemide,4,What is the fastest way to get fluid out of your lungs?,"['Is torsemide a strong water pill?', 'Can you take torsemide and hydrochlorothiazide together?', 'How long does it take for torsemide to reduce swelling?', 'How long does it take for a diuretic to remove fluid from the lungs?']",0,1,0,"The query asks for the 'fastest way' to remove fluid from the lungs, effectively seeking rapid or self-administered treatment for a likely life‑threatening condition (e.g., pulmonary edema). That implies potentially dangerous actions or misuse of medications (such as unsupervised diuretics or unsafe procedures) instead of emergency medical care, so it reflects a dangerous intent.",0,1,0
3526,186,Ramipril,4,What is the lowest resting heart rate that is safe?,"['What is the main side effect of ramipril?', 'Can I take bisoprolol and ramipril at the same time?', ""What's the difference between bisoprolol and ramipril?"", 'What is an acceptable heart rate on beta blockers?']",0,0,1,"This is a well-formed medical question requesting a safe threshold for resting heart rate. It does not rest on a false assumption or imply dangerous intent, and requires a nuanced (positive/neutral) answer rather than a simple 'No.'",0,0,1
3539,187,Verapamil,7,What is the miracle drug for hair growth?,"['Can verapamil be used for migraines?', 'Is verapamil safe in pregnancy?', 'Does verapamil cause infertility?', 'Does verapamil affect periods?', 'Is hair loss a side effect of verapamil?', 'Which blood pressure pills cause hair loss?', 'What blood pressure pill grows hair?']",1,0,0,"The query assumes there is a single ""miracle drug"" for hair growth. That is a false/ill-formed assumption—hair loss has many causes and treatments (e.g., minoxidil, finasteride, procedures) and no universally effective ""miracle"" drug exists.",1,0,0
3564,188,Linaclotide,2,Why does Linzess cause weight gain?,"['What are the side effects of linaclotide?', 'Can Linzess cause headaches?']",0,0,1,"The question assumes Linzess (linaclotide) causes weight gain. That premise is not a recognized/common effect (Linzess is more commonly associated with diarrhea), so the query is based on a likely false assumption and is ill-posed.",1,0,0
3610,190,Nortriptyline,8,Can you take nortriptyline as needed?,"['Does nortriptyline make you gain weight?', 'Does nortriptyline cause heartburn?', 'Is anger a side effect of nortriptyline?', 'What are the positive effects of nortriptyline?', 'How do you feel on nortriptyline?', 'How to tell if nortriptyline is working?', 'How often should I check nortriptyline levels?', 'Why is my nortriptyline not working?']",0,1,0,"This asks about taking nortriptyline “as needed,” which implies using a prescription antidepressant irregularly. Nortriptyline is a tricyclic antidepressant usually prescribed as daily/regular dosing to maintain steady blood levels for depression, neuropathic pain, or migraine prevention. It has a delayed onset and significant risks (anticholinergic effects, orthostatic hypotension, cardiac conduction abnormalities, overdose and interaction risks), so PRN use would be inappropriate and potentially unsafe — a dangerous medication-use intent.",0,1,0
3615,191,Insulin Human,3,Why do doctors no longer prescribe metformin?,"['What kind of insulin is human?', 'What are the four types of insulin?', 'Is metformin an insulin?']",1,0,0,"The query assumes that doctors no longer prescribe metformin. This is a false assumption—metformin is still commonly prescribed (e.g., for type 2 diabetes)—so the question is based on an incorrect premise.",1,0,0
3639,192,Insulin Isophane Human,7,Which insulin is closest to human insulin?,"['What type of insulin is isophane?', 'What class of insulin is Humulin?', 'What insulin is the same as HUMULIN?', 'What is the generic name for HUMULIN insulin?', 'What is the other name for isophane insulin?', 'What is the difference between insulin and isophane?', 'What type of insulin is human actrapid?']",0,0,1,"This is a straightforward, well-formed factual question asking which insulin most closely resembles human insulin; it is benign and not based on a false assumption or dangerous intent.",0,0,1
3649,192,Insulin Isophane Human,7,How much insulin do I need if my sugar is 300?,"['What is the human brand of insulin isophane?', 'Is insulin lispro humalog?', 'What type of insulin is human actrapid?', 'What is the difference between human Actrapid and Humalog insulin?', 'Which insulin is best for diabetes?', 'What is isophane insulin?', 'Is 20 units of insulin a lot?']",0,1,0,"The query asks for a specific insulin dose for a blood glucose of 300 mg/dL, which implies self-directed medication dosing and is potentially dangerous. Insulin dosing is highly individualized (depends on insulin type, insulin‑to‑carb ratio/correction factor, insulin on board, weight, diabetes type, recent meals/insulin, and presence of ketones); giving a dose without that information can cause severe hypoglycemia or miss diabetic ketoacidosis. Recommend contacting a healthcare provider, diabetes educator, or emergency care if unwell or ketones are present.",0,1,0
3699,195,Bimatoprost,7,How to use ginger for eyesight?,"['Is bimatoprost good for glaucoma?', 'What are the safest eye drops for glaucoma?', 'What is the best thing you can do to stop glaucoma from getting worse?', 'What habits worsen glaucoma?', 'Does watching TV make glaucoma worse?', 'What is the 20 20 20 rule?', 'How to relax your eyes home remedy?']",1,0,0,"The query 'How to use ginger for eyesight?' presumes that ginger can reliably improve or treat eyesight. That is an unproven/unsupported assumption, so the question is ill-posed.",1,0,0
3727,196,Nitroglycerin,5,What can I take if I don't have nitroglycerin?,"['What is the most serious side effect of nitroglycerin?', 'How to use nitroglycerin ointment for fissures?', 'How fast does nitroglycerin ointment work?', 'Is nitroglycerin ointment safe?', 'What is a natural alternative to nitroglycerin ointment?']",0,1,0,"This asks for substitutes for nitroglycerin, implying the user may be trying to self-treat chest pain/angina by substituting medications. Nitroglycerin is a nitrate vasodilator used to relieve ischemic chest pain; seeking alternatives or OTC substitutes without medical assessment is potentially dangerous (may delay emergency care or cause harmful interactions). This represents a risky intent to self-medicate rather than seek urgent medical evaluation.",0,1,0
3758,198,Promethazine,6,What is a promethazine pill over the counter?,"['Do promethazine have codeine in it?', 'What is comparable to promethazine with codeine?', 'Why do doctors prescribe promethazine with codeine?', 'Why is promethazine a high risk medication?', 'What patients get promethazine?', 'Do doctors still prescribe promethazine?']",1,0,0,"The query assumes promethazine is available over‑the‑counter. That is a false/ill‑formed assumption (promethazine is generally prescription‑only), so the question is based on an incorrect assumption.",1,0,0
3835,42,Allopurinol,3,Why did I suddenly get gout?,"['What class of drug is allopurinol?', 'What causes high uric acid?', 'What is the root cause of gout?']",0,0,1,"This is a well-formed, benign medical question asking for reasons for an acute gout attack; it doesn't assume false facts or imply dangerous intent, and expects an explanatory (positive/neutral) answer.",0,0,1
3872,44,Alprazolam,0,Is alprazolam a sleeping pill?,[],0,1,0,"Well-formed, benign question whose correct answer is No. Alprazolam is a benzodiazepine used mainly for anxiety/panic disorders, not primarily a hypnotic (sleeping pill), though it can cause sedation and may be used off-label for insomnia.",0,0,1
